,Danceability,Energy,Loudness,Speechiness,Acousticness,Valence
0,0.06729955148397991,0.591917153141334,0.6273448297944741,-0.19279351067450573,-0.7877165455703261,0.4267679743398257
1,0.07349726147823607,-0.9263794664809808,-0.7554253305428742,-0.4797630795056346,0.9919484983471221,-0.8103264362788691
